season,country,quarter,semi,final,won,highest
2024/25,England,2,2,2,1,4
2024/25,Germany,1,0,0,0,1
2024/25,Norway,1,1,0,0,2
2024/25,Italy,1,0,0,0,1
2024/25,Scotland,1,0,0,0,1
2024/25,Spain,1,1,0,0,2
2024/25,France,1,0,0,0,1
2024/25,Portugal,0,0,0,0,0
2024/25,Holland,0,0,0,0,0
2024/25,Belgium,0,0,0,0,0
2024/25,Crotia,0,0,0,0,0
2024/25,Czechia,0,0,0,0,0
2024/25,Denmark,0,0,0,0,0
2024/25,Ukraine,0,0,0,0,0
2024/25,Switzerland,0,0,0,0,0
2024/25,Austria,0,0,0,0,0
2024/25,Russia,0,0,0,0,0
2024/25,Turkiye,0,0,0,0,0
2024/25,Romania,0,0,0,0,0
2024/25,Bulgaria,0,0,0,0,0
2024/25,Greece,0,0,0,0,0
2024/25,Israel,0,0,0,0,0
2024/25,Sweden,0,0,0,0,0
2024/25,Bosnia and Herzegovina,0,0,0,0,0
2024/25,Belarus,0,0,0,0,0
2024/25,Hungary,0,0,0,0,0
2024/25,Serbia,0,0,0,0,0
2024/25,Poland,0,0,0,0,0
2023/24,England,2,0,0,0,1
2023/24,Germany,1,1,1,0,3
2023/24,Norway,0,0,0,0,0
2023/24,Italy,3,2,1,1,4
2023/24,Scotland,0,0,0,0,0
2023/24,Spain,0,0,0,0,0
2023/24,France,1,1,0,0,2
2023/24,Portugal,1,0,0,0,1
2023/24,Holland,0,0,0,0,0
2023/24,Belgium,0,0,0,0,0
2023/24,Crotia,0,0,0,0,0
2023/24,Czechia,0,0,0,0,0
2023/24,Denmark,0,0,0,0,0
2023/24,Ukraine,0,0,0,0,0
2023/24,Switzerland,0,0,0,0,0
2023/24,Austria,0,0,0,0,0
2023/24,Russia,0,0,0,0,0
2023/24,Turkiye,0,0,0,0,0
2023/24,Romania,0,0,0,0,0
2023/24,Bulgaria,0,0,0,0,0
2023/24,Greece,0,0,0,0,0
2023/24,Israel,0,0,0,0,0
2023/24,Sweden,0,0,0,0,0
2023/24,Bosnia and Herzegovina,0,0,0,0,0
2023/24,Belarus,0,0,0,0,0
2023/24,Hungary,0,0,0,0,0
2023/24,Serbia,0,0,0,0,0
2023/24,Poland,0,0,0,0,0
2022/23,England,1,0,0,0,1
2022/23,Germany,1,1,0,0,2
2022/23,Norway,0,0,0,0,0
2022/23,Italy,2,2,1,0,3
2022/23,Scotland,0,0,0,0,0
2022/23,Spain,1,1,1,1,4
2022/23,France,0,0,0,0,0
2022/23,Portugal,1,0,0,0,1
2022/23,Holland,1,0,0,0,1
2022/23,Belgium,1,0,0,0,1
2022/23,Crotia,0,0,0,0,0
2022/23,Czechia,0,0,0,0,0
2022/23,Denmark,0,0,0,0,0
2022/23,Ukraine,0,0,0,0,0
2022/23,Switzerland,0,0,0,0,0
2022/23,Austria,0,0,0,0,0
2022/23,Russia,0,0,0,0,0
2022/23,Turkiye,0,0,0,0,0
2022/23,Romania,0,0,0,0,0
2022/23,Bulgaria,0,0,0,0,0
2022/23,Greece,0,0,0,0,0
2022/23,Israel,0,0,0,0,0
2022/23,Sweden,0,0,0,0,0
2022/23,Bosnia and Herzegovina,0,0,0,0,0
2022/23,Belarus,0,0,0,0,0
2022/23,Hungary,0,0,0,0,0
2022/23,Serbia,0,0,0,0,0
2022/23,Poland,0,0,0,0,0
2021/22,England,1,1,0,0,2
2021/22,Germany,2,2,1,1,4
2021/22,Norway,0,0,0,0,0
2021/22,Italy,1,0,0,0,1
2021/22,Scotland,1,1,1,0,2
2021/22,Spain,1,0,0,0,1
2021/22,France,1,0,0,0,1
2021/22,Portugal,1,0,0,0,1
2021/22,Holland,0,0,0,0,0
2021/22,Belgium,0,0,0,0,0
2021/22,Crotia,0,0,0,0,0
2021/22,Czechia,0,0,0,0,0
2021/22,Denmark,0,0,0,0,0
2021/22,Ukraine,0,0,0,0,0
2021/22,Switzerland,0,0,0,0,0
2021/22,Austria,0,0,0,0,0
2021/22,Russia,0,0,0,0,0
2021/22,Turkiye,0,0,0,0,0
2021/22,Romania,0,0,0,0,0
2021/22,Bulgaria,0,0,0,0,0
2021/22,Greece,0,0,0,0,0
2021/22,Israel,0,0,0,0,0
2021/22,Sweden,0,0,0,0,0
2021/22,Bosnia and Herzegovina,0,0,0,0,0
2021/22,Belarus,0,0,0,0,0
2021/22,Hungary,0,0,0,0,0
2021/22,Serbia,0,0,0,0,0
2021/22,Poland,0,0,0,0,0
2020/21,England,2,2,1,0,3
2020/21,Germany,0,0,0,0,0
2020/21,Norway,0,0,0,0,0
2020/21,Italy,1,1,0,0,2
2020/21,Scotland,0,0,0,0,0
2020/21,Spain,2,1,1,1,4
2020/21,France,0,0,0,0,0
2020/21,Portugal,0,0,0,0,0
2020/21,Holland,1,0,0,0,1
2020/21,Belgium,0,0,0,0,0
2020/21,Crotia,1,0,0,0,1
2020/21,Czechia,1,0,0,0,1
2020/21,Denmark,0,0,0,0,0
2020/21,Ukraine,0,0,0,0,0
2020/21,Switzerland,0,0,0,0,0
2020/21,Austria,0,0,0,0,0
2020/21,Russia,0,0,0,0,0
2020/21,Turkiye,0,0,0,0,0
2020/21,Romania,0,0,0,0,0
2020/21,Bulgaria,0,0,0,0,0
2020/21,Greece,0,0,0,0,0
2020/21,Israel,0,0,0,0,0
2020/21,Sweden,0,0,0,0,0
2020/21,Bosnia and Herzegovina,0,0,0,0,0
2020/21,Belarus,0,0,0,0,0
2020/21,Hungary,0,0,0,0,0
2020/21,Serbia,0,0,0,0,0
2020/21,Poland,0,0,0,0,0
2019/20,England,2,1,0,0,2
2019/20,Germany,1,0,0,0,1
2019/20,Norway,0,0,0,0,0
2019/20,Italy,1,1,1,0,3
2019/20,Scotland,0,0,0,0,0
2019/20,Spain,1,1,1,1,4
2019/20,France,0,0,0,0,0
2019/20,Portugal,0,0,0,0,0
2019/20,Holland,0,0,0,0,0
2019/20,Belgium,0,0,0,0,0
2019/20,Crotia,0,0,0,0,0
2019/20,Czechia,0,0,0,0,0
2019/20,Denmark,1,0,0,0,1
2019/20,Ukraine,1,1,0,0,2
2019/20,Switzerland,1,0,0,0,1
2019/20,Austria,0,0,0,0,0
2019/20,Russia,0,0,0,0,0
2019/20,Turkiye,0,0,0,0,0
2019/20,Romania,0,0,0,0,0
2019/20,Bulgaria,0,0,0,0,0
2019/20,Greece,0,0,0,0,0
2019/20,Israel,0,0,0,0,0
2019/20,Sweden,0,0,0,0,0
2019/20,Bosnia and Herzegovina,0,0,0,0,0
2019/20,Belarus,0,0,0,0,0
2019/20,Hungary,0,0,0,0,0
2019/20,Serbia,0,0,0,0,0
2019/20,Poland,0,0,0,0,0
2018/19,England,2,2,2,1,4
2018/19,Germany,1,1,0,0,2
2018/19,Norway,0,0,0,0,0
2018/19,Italy,1,0,0,0,1
2018/19,Scotland,0,0,0,0,0
2018/19,Spain,2,1,0,0,2
2018/19,France,0,0,0,0,0
2018/19,Portugal,1,0,0,0,1
2018/19,Holland,0,0,0,0,0
2018/19,Belgium,0,0,0,0,0
2018/19,Crotia,0,0,0,0,0
2018/19,Czechia,1,0,0,0,1
2018/19,Denmark,0,0,0,0,0
2018/19,Ukraine,0,0,0,0,0
2018/19,Switzerland,0,0,0,0,0
2018/19,Austria,0,0,0,0,0
2018/19,Russia,0,0,0,0,0
2018/19,Turkiye,0,0,0,0,0
2018/19,Romania,0,0,0,0,0
2018/19,Bulgaria,0,0,0,0,0
2018/19,Greece,0,0,0,0,0
2018/19,Israel,0,0,0,0,0
2018/19,Sweden,0,0,0,0,0
2018/19,Bosnia and Herzegovina,0,0,0,0,0
2018/19,Belarus,0,0,0,0,0
2018/19,Hungary,0,0,0,0,0
2018/19,Serbia,0,0,0,0,0
2018/19,Poland,0,0,0,0,0
2017/18,England,1,1,0,0,2
2017/18,Germany,1,0,0,0,1
2017/18,Norway,0,0,0,0,0
2017/18,Italy,1,0,0,0,1
2017/18,Scotland,0,0,0,0,0
2017/18,Spain,1,1,1,1,4
2017/18,France,1,1,1,0,3
2017/18,Portugal,1,0,0,0,1
2017/18,Holland,0,0,0,0,0
2017/18,Belgium,0,0,0,0,0
2017/18,Crotia,0,0,0,0,0
2017/18,Czechia,0,0,0,0,0
2017/18,Denmark,0,0,0,0,0
2017/18,Ukraine,0,0,0,0,0
2017/18,Switzerland,0,0,0,0,0
2017/18,Austria,1,1,0,0,2
2017/18,Russia,1,0,0,0,1
2017/18,Turkiye,0,0,0,0,0
2017/18,Romania,0,0,0,0,0
2017/18,Bulgaria,0,0,0,0,0
2017/18,Greece,0,0,0,0,0
2017/18,Israel,0,0,0,0,0
2017/18,Sweden,0,0,0,0,0
2017/18,Bosnia and Herzegovina,0,0,0,0,0
2017/18,Belarus,0,0,0,0,0
2017/18,Hungary,0,0,0,0,0
2017/18,Serbia,0,0,0,0,0
2017/18,Poland,0,0,0,0,0
2016/17,England,1,1,1,1,4
2016/17,Germany,1,0,0,0,1
2016/17,Norway,0,0,0,0,0
2016/17,Italy,0,0,0,0,0
2016/17,Scotland,0,0,0,0,0
2016/17,Spain,1,1,0,0,2
2016/17,France,1,1,0,0,2
2016/17,Portugal,0,0,0,0,0
2016/17,Holland,1,1,1,0,3
2016/17,Belgium,2,0,0,0,1
2016/17,Crotia,0,0,0,0,0
2016/17,Czechia,0,0,0,0,0
2016/17,Denmark,0,0,0,0,0
2016/17,Ukraine,0,0,0,0,0
2016/17,Switzerland,0,0,0,0,0
2016/17,Austria,0,0,0,0,0
2016/17,Russia,0,0,0,0,0
2016/17,Turkiye,1,0,0,0,1
2016/17,Romania,0,0,0,0,0
2016/17,Bulgaria,0,0,0,0,0
2016/17,Greece,0,0,0,0,0
2016/17,Israel,0,0,0,0,0
2016/17,Sweden,0,0,0,0,0
2016/17,Bosnia and Herzegovina,0,0,0,0,0
2016/17,Belarus,0,0,0,0,0
2016/17,Hungary,0,0,0,0,0
2016/17,Serbia,0,0,0,0,0
2016/17,Poland,0,0,0,0,0
2015/16,England,1,1,1,0,3
2015/16,Germany,1,0,0,0,1
2015/16,Norway,0,0,0,0,0
2015/16,Italy,0,0,0,0,0
2015/16,Scotland,0,0,0,0,0
2015/16,Spain,3,2,1,1,4
2015/16,France,0,0,0,0,0
2015/16,Portugal,1,0,0,0,1
2015/16,Holland,0,0,0,0,0
2015/16,Belgium,0,0,0,0,0
2015/16,Crotia,0,0,0,0,0
2015/16,Czechia,1,0,0,0,1
2015/16,Denmark,0,0,0,0,0
2015/16,Ukraine,1,1,0,0,2
2015/16,Switzerland,0,0,0,0,0
2015/16,Austria,0,0,0,0,0
2015/16,Russia,0,0,0,0,0
2015/16,Turkiye,0,0,0,0,0
2015/16,Romania,0,0,0,0,0
2015/16,Bulgaria,0,0,0,0,0
2015/16,Greece,0,0,0,0,0
2015/16,Israel,0,0,0,0,0
2015/16,Sweden,0,0,0,0,0
2015/16,Bosnia and Herzegovina,0,0,0,0,0
2015/16,Belarus,0,0,0,0,0
2015/16,Hungary,0,0,0,0,0
2015/16,Serbia,0,0,0,0,0
2015/16,Poland,0,0,0,0,0
2014/15,England,0,0,0,0,0
2014/15,Germany,1,0,0,0,1
2014/15,Norway,0,0,0,0,0
2014/15,Italy,2,2,0,0,2
2014/15,Scotland,0,0,0,0,0
2014/15,Spain,1,1,1,1,4
2014/15,France,0,0,0,0,0
2014/15,Portugal,0,0,0,0,0
2014/15,Holland,0,0,0,0,0
2014/15,Belgium,1,0,0,0,1
2014/15,Crotia,0,0,0,0,0
2014/15,Czechia,0,0,0,0,0
2014/15,Denmark,0,0,0,0,0
2014/15,Ukraine,2,1,1,0,3
2014/15,Switzerland,0,0,0,0,0
2014/15,Austria,0,0,0,0,0
2014/15,Russia,1,0,0,0,1
2014/15,Turkiye,0,0,0,0,0
2014/15,Romania,0,0,0,0,0
2014/15,Bulgaria,0,0,0,0,0
2014/15,Greece,0,0,0,0,0
2014/15,Israel,0,0,0,0,0
2014/15,Sweden,0,0,0,0,0
2014/15,Bosnia and Herzegovina,0,0,0,0,0
2014/15,Belarus,0,0,0,0,0
2014/15,Hungary,0,0,0,0,0
2014/15,Serbia,0,0,0,0,0
2014/15,Poland,0,0,0,0,0
2013/14,England,0,0,0,0,0
2013/14,Germany,0,0,0,0,0
2013/14,Norway,0,0,0,0,0
2013/14,Italy,1,1,0,0,2
2013/14,Scotland,0,0,0,0,0
2013/14,Spain,2,2,1,1,4
2013/14,France,1,0,0,0,1
2013/14,Portugal,2,1,1,0,3
2013/14,Holland,1,0,0,0,1
2013/14,Belgium,0,0,0,0,0
2013/14,Crotia,0,0,0,0,0
2013/14,Czechia,0,0,0,0,0
2013/14,Denmark,0,0,0,0,0
2013/14,Ukraine,0,0,0,0,0
2013/14,Switzerland,1,0,0,0,1
2013/14,Austria,0,0,0,0,0
2013/14,Russia,0,0,0,0,0
2013/14,Turkiye,0,0,0,0,0
2013/14,Romania,0,0,0,0,0
2013/14,Bulgaria,0,0,0,0,0
2013/14,Greece,0,0,0,0,0
2013/14,Israel,0,0,0,0,0
2013/14,Sweden,0,0,0,0,0
2013/14,Bosnia and Herzegovina,0,0,0,0,0
2013/14,Belarus,0,0,0,0,0
2013/14,Hungary,0,0,0,0,0
2013/14,Serbia,0,0,0,0,0
2013/14,Poland,0,0,0,0,0
2012/13,England,3,1,1,1,4
2012/13,Germany,0,0,0,0,0
2012/13,Norway,0,0,0,0,0
2012/13,Italy,1,0,0,0,1
2012/13,Scotland,0,0,0,0,0
2012/13,Spain,0,0,0,0,0
2012/13,France,0,0,0,0,0
2012/13,Portugal,1,1,1,0,3
2012/13,Holland,0,0,0,0,0
2012/13,Belgium,0,0,0,0,0
2012/13,Crotia,0,0,0,0,0
2012/13,Czechia,0,0,0,0,0
2012/13,Denmark,0,0,0,0,0
2012/13,Ukraine,0,0,0,0,0
2012/13,Switzerland,1,1,0,0,2
2012/13,Austria,0,0,0,0,0
2012/13,Russia,1,0,0,0,1
2012/13,Turkiye,1,1,0,0,2
2012/13,Romania,0,0,0,0,0
2012/13,Bulgaria,0,0,0,0,0
2012/13,Greece,0,0,0,0,0
2012/13,Israel,0,0,0,0,0
2012/13,Sweden,0,0,0,0,0
2012/13,Bosnia and Herzegovina,0,0,0,0,0
2012/13,Belarus,0,0,0,0,0
2012/13,Hungary,0,0,0,0,0
2012/13,Serbia,0,0,0,0,0
2012/13,Poland,0,0,0,0,0
2011/12,England,0,0,0,0,0
2011/12,Germany,2,0,0,0,1
2011/12,Norway,0,0,0,0,0
2011/12,Italy,0,0,0,0,0
2011/12,Scotland,0,0,0,0,0
2011/12,Spain,3,3,2,1,4
2011/12,France,0,0,0,0,0
2011/12,Portugal,1,1,0,0,2
2011/12,Holland,1,0,0,0,1
2011/12,Belgium,0,0,0,0,0
2011/12,Crotia,0,0,0,0,0
2011/12,Czechia,0,0,0,0,0
2011/12,Denmark,0,0,0,0,0
2011/12,Ukraine,1,0,0,0,1
2011/12,Switzerland,0,0,0,0,0
2011/12,Austria,0,0,0,0,0
2011/12,Russia,0,0,0,0,0
2011/12,Turkiye,0,0,0,0,0
2011/12,Romania,0,0,0,0,0
2011/12,Bulgaria,0,0,0,0,0
2011/12,Greece,0,0,0,0,0
2011/12,Israel,0,0,0,0,0
2011/12,Sweden,0,0,0,0,0
2011/12,Bosnia and Herzegovina,0,0,0,0,0
2011/12,Belarus,0,0,0,0,0
2011/12,Hungary,0,0,0,0,0
2011/12,Serbia,0,0,0,0,0
2011/12,Poland,0,0,0,0,0
2010/11,England,0,0,0,0,0
2010/11,Germany,0,0,0,0,0
2010/11,Norway,0,0,0,0,0
2010/11,Italy,0,0,0,0,0
2010/11,Scotland,0,0,0,0,0
2010/11,Spain,1,1,0,0,2
2010/11,France,0,0,0,0,0
2010/11,Portugal,3,3,2,1,4
2010/11,Holland,2,0,0,0,1
2010/11,Belgium,0,0,0,0,0
2010/11,Crotia,0,0,0,0,0
2010/11,Czechia,0,0,0,0,0
2010/11,Denmark,0,0,0,0,0
2010/11,Ukraine,1,0,0,0,1
2010/11,Switzerland,0,0,0,0,0
2010/11,Austria,0,0,0,0,0
2010/11,Russia,1,0,0,0,1
2010/11,Turkiye,0,0,0,0,0
2010/11,Romania,0,0,0,0,0
2010/11,Bulgaria,0,0,0,0,0
2010/11,Greece,0,0,0,0,0
2010/11,Israel,0,0,0,0,0
2010/11,Sweden,0,0,0,0,0
2010/11,Bosnia and Herzegovina,0,0,0,0,0
2010/11,Belarus,0,0,0,0,0
2010/11,Hungary,0,0,0,0,0
2010/11,Serbia,0,0,0,0,0
2010/11,Poland,0,0,0,0,0
2009/10,England,2,2,1,0,3
2009/10,Germany,2,1,0,0,2
2009/10,Norway,0,0,0,0,0
2009/10,Italy,0,0,0,0,0
2009/10,Scotland,0,0,0,0,0
2009/10,Spain,2,1,1,1,4
2009/10,France,0,0,0,0,0
2009/10,Portugal,1,0,0,0,1
2009/10,Holland,0,0,0,0,0
2009/10,Belgium,1,0,0,0,1
2009/10,Crotia,0,0,0,0,0
2009/10,Czechia,0,0,0,0,0
2009/10,Denmark,0,0,0,0,0
2009/10,Ukraine,0,0,0,0,0
2009/10,Switzerland,0,0,0,0,0
2009/10,Austria,0,0,0,0,0
2009/10,Russia,0,0,0,0,0
2009/10,Turkiye,0,0,0,0,0
2009/10,Romania,0,0,0,0,0
2009/10,Bulgaria,0,0,0,0,0
2009/10,Greece,0,0,0,0,0
2009/10,Israel,0,0,0,0,0
2009/10,Sweden,0,0,0,0,0
2009/10,Bosnia and Herzegovina,0,0,0,0,0
2009/10,Belarus,0,0,0,0,0
2009/10,Hungary,0,0,0,0,0
2009/10,Serbia,0,0,0,0,0
2009/10,Poland,0,0,0,0,0
2008/09,England,1,0,0,0,1
2008/09,Germany,2,2,1,0,3
2008/09,Norway,0,0,0,0,0
2008/09,Italy,1,0,0,0,1
2008/09,Scotland,0,0,0,0,0
2008/09,Spain,0,0,0,0,0
2008/09,France,2,0,0,0,1
2008/09,Portugal,0,0,0,0,0
2008/09,Holland,0,0,0,0,0
2008/09,Belgium,0,0,0,0,0
2008/09,Crotia,0,0,0,0,0
2008/09,Czechia,0,0,0,0,0
2008/09,Denmark,0,0,0,0,0
2008/09,Ukraine,2,2,1,1,4
2008/09,Switzerland,0,0,0,0,0
2008/09,Austria,0,0,0,0,0
2008/09,Russia,0,0,0,0,0
2008/09,Turkiye,0,0,0,0,0
2008/09,Romania,0,0,0,0,0
2008/09,Bulgaria,0,0,0,0,0
2008/09,Greece,0,0,0,0,0
2008/09,Israel,0,0,0,0,0
2008/09,Sweden,0,0,0,0,0
2008/09,Bosnia and Herzegovina,0,0,0,0,0
2008/09,Belarus,0,0,0,0,0
2008/09,Hungary,0,0,0,0,0
2008/09,Serbia,0,0,0,0,0
2008/09,Poland,0,0,0,0,0
2007/08,England,0,0,0,0,0
2007/08,Germany,2,1,0,0,2
2007/08,Norway,0,0,0,0,0
2007/08,Italy,1,1,0,0,2
2007/08,Scotland,1,1,1,0,3
2007/08,Spain,1,0,0,0,1
2007/08,France,0,0,0,0,0
2007/08,Portugal,1,0,0,0,1
2007/08,Holland,1,0,0,0,1
2007/08,Belgium,0,0,0,0,0
2007/08,Crotia,0,0,0,0,0
2007/08,Czechia,0,0,0,0,0
2007/08,Denmark,0,0,0,0,0
2007/08,Ukraine,0,0,0,0,0
2007/08,Switzerland,0,0,0,0,0
2007/08,Austria,0,0,0,0,0
2007/08,Russia,1,1,1,1,4
2007/08,Turkiye,0,0,0,0,0
2007/08,Romania,0,0,0,0,0
2007/08,Bulgaria,0,0,0,0,0
2007/08,Greece,0,0,0,0,0
2007/08,Israel,0,0,0,0,0
2007/08,Sweden,0,0,0,0,0
2007/08,Bosnia and Herzegovina,0,0,0,0,0
2007/08,Belarus,0,0,0,0,0
2007/08,Hungary,0,0,0,0,0
2007/08,Serbia,0,0,0,0,0
2007/08,Poland,0,0,0,0,0
2006/07,England,1,0,0,0,1
2006/07,Germany,2,1,0,0,2
2006/07,Norway,0,0,0,0,0
2006/07,Italy,0,0,0,0,0
2006/07,Scotland,0,0,0,0,0
2006/07,Spain,3,3,2,1,4
2006/07,France,0,0,0,0,0
2006/07,Portugal,1,0,0,0,1
2006/07,Holland,1,0,0,0,1
2006/07,Belgium,0,0,0,0,0
2006/07,Crotia,0,0,0,0,0
2006/07,Czechia,0,0,0,0,0
2006/07,Denmark,0,0,0,0,0
2006/07,Ukraine,0,0,0,0,0
2006/07,Switzerland,0,0,0,0,0
2006/07,Austria,0,0,0,0,0
2006/07,Russia,0,0,0,0,0
2006/07,Turkiye,0,0,0,0,0
2006/07,Romania,0,0,0,0,0
2006/07,Bulgaria,0,0,0,0,0
2006/07,Greece,0,0,0,0,0
2006/07,Israel,0,0,0,0,0
2006/07,Sweden,0,0,0,0,0
2006/07,Bosnia and Herzegovina,0,0,0,0,0
2006/07,Belarus,0,0,0,0,0
2006/07,Hungary,0,0,0,0,0
2006/07,Serbia,0,0,0,0,0
2006/07,Poland,0,0,0,0,0
2005/06,England,1,1,1,0,3
2005/06,Germany,1,1,0,0,2
2005/06,Norway,0,0,0,0,0
2005/06,Italy,0,0,0,0,0
2005/06,Scotland,0,0,0,0,0
2005/06,Spain,1,1,1,1,4
2005/06,France,0,0,0,0,0
2005/06,Portugal,0,0,0,0,0
2005/06,Holland,0,0,0,0,0
2005/06,Belgium,0,0,0,0,0
2005/06,Crotia,0,0,0,0,0
2005/06,Czechia,0,0,0,0,0
2005/06,Denmark,0,0,0,0,0
2005/06,Ukraine,0,0,0,0,0
2005/06,Switzerland,1,0,0,0,1
2005/06,Austria,0,0,0,0,0
2005/06,Russia,1,0,0,0,1
2005/06,Turkiye,0,0,0,0,0
2005/06,Romania,2,1,0,0,2
2005/06,Bulgaria,1,0,0,0,1
2005/06,Greece,0,0,0,0,0
2005/06,Israel,0,0,0,0,0
2005/06,Sweden,0,0,0,0,0
2005/06,Bosnia and Herzegovina,0,0,0,0,0
2005/06,Belarus,0,0,0,0,0
2005/06,Hungary,0,0,0,0,0
2005/06,Serbia,0,0,0,0,0
2005/06,Poland,0,0,0,0,0
2004/05,England,1,0,0,0,1
2004/05,Germany,0,0,0,0,0
2004/05,Norway,0,0,0,0,0
2004/05,Italy,1,1,0,0,2
2004/05,Scotland,0,0,0,0,0
2004/05,Spain,1,0,0,0,1
2004/05,France,1,0,0,0,1
2004/05,Portugal,1,1,1,0,3
2004/05,Holland,1,1,0,0,2
2004/05,Belgium,0,0,0,0,0
2004/05,Crotia,0,0,0,0,0
2004/05,Czechia,0,0,0,0,0
2004/05,Denmark,0,0,0,0,0
2004/05,Ukraine,0,0,0,0,0
2004/05,Switzerland,0,0,0,0,0
2004/05,Austria,1,0,0,0,1
2004/05,Russia,1,1,1,1,4
2004/05,Turkiye,0,0,0,0,0
2004/05,Romania,0,0,0,0,0
2004/05,Bulgaria,0,0,0,0,0
2004/05,Greece,0,0,0,0,0
2004/05,Israel,0,0,0,0,0
2004/05,Sweden,0,0,0,0,0
2004/05,Bosnia and Herzegovina,0,0,0,0,0
2004/05,Belarus,0,0,0,0,0
2004/05,Hungary,0,0,0,0,0
2004/05,Serbia,0,0,0,0,0
2004/05,Poland,0,0,0,0,0
2003/04,England,1,1,0,0,2
2003/04,Germany,0,0,0,0,0
2003/04,Norway,0,0,0,0,0
2003/04,Italy,1,0,0,0,1
2003/04,Scotland,1,0,0,0,1
2003/04,Spain,2,2,1,1,4
2003/04,France,2,1,1,0,3
2003/04,Portugal,0,0,0,0,0
2003/04,Holland,1,0,0,0,1
2003/04,Belgium,0,0,0,0,0
2003/04,Crotia,0,0,0,0,0
2003/04,Czechia,0,0,0,0,0
2003/04,Denmark,0,0,0,0,0
2003/04,Ukraine,0,0,0,0,0
2003/04,Switzerland,0,0,0,0,0
2003/04,Austria,0,0,0,0,0
2003/04,Russia,0,0,0,0,0
2003/04,Turkiye,0,0,0,0,0
2003/04,Romania,0,0,0,0,0
2003/04,Bulgaria,0,0,0,0,0
2003/04,Greece,0,0,0,0,0
2003/04,Israel,0,0,0,0,0
2003/04,Sweden,0,0,0,0,0
2003/04,Bosnia and Herzegovina,0,0,0,0,0
2003/04,Belarus,0,0,0,0,0
2003/04,Hungary,0,0,0,0,0
2003/04,Serbia,0,0,0,0,0
2003/04,Poland,0,0,0,0,0
2002/03,England,1,0,0,0,1
2002/03,Germany,0,0,0,0,0
2002/03,Norway,0,0,0,0,0
2002/03,Italy,1,1,0,0,2
2002/03,Scotland,1,1,1,0,3
2002/03,Spain,1,0,0,0,1
2002/03,France,0,0,0,0,0
2002/03,Portugal,2,2,1,1,4
2002/03,Holland,0,0,0,0,0
2002/03,Belgium,0,0,0,0,0
2002/03,Crotia,0,0,0,0,0
2002/03,Czechia,0,0,0,0,0
2002/03,Denmark,0,0,0,0,0
2002/03,Ukraine,0,0,0,0,0
2002/03,Switzerland,0,0,0,0,0
2002/03,Austria,0,0,0,0,0
2002/03,Russia,0,0,0,0,0
2002/03,Turkiye,1,0,0,0,1
2002/03,Romania,0,0,0,0,0
2002/03,Bulgaria,0,0,0,0,0
2002/03,Greece,1,0,0,0,1
2002/03,Israel,0,0,0,0,0
2002/03,Sweden,0,0,0,0,0
2002/03,Bosnia and Herzegovina,0,0,0,0,0
2002/03,Belarus,0,0,0,0,0
2002/03,Hungary,0,0,0,0,0
2002/03,Serbia,0,0,0,0,0
2002/03,Poland,0,0,0,0,0
2001/02,England,0,0,0,0,0
2001/02,Germany,1,1,1,0,3
2001/02,Norway,0,0,0,0,0
2001/02,Italy,2,2,0,0,2
2001/02,Scotland,0,0,0,0,0
2001/02,Spain,1,0,0,0,1
2001/02,France,0,0,0,0,0
2001/02,Portugal,0,0,0,0,0
2001/02,Holland,2,1,1,1,4
2001/02,Belgium,0,0,0,0,0
2001/02,Crotia,0,0,0,0,0
2001/02,Czechia,1,0,0,0,1
2001/02,Denmark,0,0,0,0,0
2001/02,Ukraine,0,0,0,0,0
2001/02,Switzerland,0,0,0,0,0
2001/02,Austria,0,0,0,0,0
2001/02,Russia,0,0,0,0,0
2001/02,Turkiye,0,0,0,0,0
2001/02,Romania,0,0,0,0,0
2001/02,Bulgaria,0,0,0,0,0
2001/02,Greece,0,0,0,0,0
2001/02,Israel,1,0,0,0,1
2001/02,Sweden,0,0,0,0,0
2001/02,Bosnia and Herzegovina,0,0,0,0,0
2001/02,Belarus,0,0,0,0,0
2001/02,Hungary,0,0,0,0,0
2001/02,Serbia,0,0,0,0,0
2001/02,Poland,0,0,0,0,0
2000/01,England,1,1,1,1,4
2000/01,Germany,1,1,0,0,2
2000/01,Norway,0,0,0,0,0
2000/01,Italy,0,0,0,0,0
2000/01,Scotland,0,0,0,0,0
2000/01,Spain,4,2,1,0,3
2000/01,France,0,0,0,0,0
2000/01,Portugal,1,0,0,0,1
2000/01,Holland,1,0,0,0,1
2000/01,Belgium,0,0,0,0,0
2000/01,Crotia,0,0,0,0,0
2000/01,Czechia,0,0,0,0,0
2000/01,Denmark,0,0,0,0,0
2000/01,Ukraine,0,0,0,0,0
2000/01,Switzerland,0,0,0,0,0
2000/01,Austria,0,0,0,0,0
2000/01,Russia,0,0,0,0,0
2000/01,Turkiye,0,0,0,0,0
2000/01,Romania,0,0,0,0,0
2000/01,Bulgaria,0,0,0,0,0
2000/01,Greece,0,0,0,0,0
2000/01,Israel,0,0,0,0,0
2000/01,Sweden,0,0,0,0,0
2000/01,Bosnia and Herzegovina,0,0,0,0,0
2000/01,Belarus,0,0,0,0,0
2000/01,Hungary,0,0,0,0,0
2000/01,Serbia,0,0,0,0,0
2000/01,Poland,0,0,0,0,0
1999/00,England,2,2,1,0,3
1999/00,Germany,1,0,0,0,1
1999/00,Norway,0,0,0,0,0
1999/00,Italy,0,0,0,0,0
1999/00,Scotland,0,0,0,0,0
1999/00,Spain,2,0,0,0,1
1999/00,France,1,1,0,0,2
1999/00,Portugal,0,0,0,0,0
1999/00,Holland,0,0,0,0,0
1999/00,Belgium,0,0,0,0,0
1999/00,Crotia,0,0,0,0,0
1999/00,Czechia,1,0,0,0,1
1999/00,Denmark,0,0,0,0,0
1999/00,Ukraine,0,0,0,0,0
1999/00,Switzerland,0,0,0,0,0
1999/00,Austria,0,0,0,0,0
1999/00,Russia,0,0,0,0,0
1999/00,Turkiye,1,1,1,1,4
1999/00,Romania,0,0,0,0,0
1999/00,Bulgaria,0,0,0,0,0
1999/00,Greece,0,0,0,0,0
1999/00,Israel,0,0,0,0,0
1999/00,Sweden,0,0,0,0,0
1999/00,Bosnia and Herzegovina,0,0,0,0,0
1999/00,Belarus,0,0,0,0,0
1999/00,Hungary,0,0,0,0,0
1999/00,Serbia,0,0,0,0,0
1999/00,Poland,0,0,0,0,0
1998/99,England,0,0,0,0,0
1998/99,Germany,0,0,0,0,0
1998/99,Norway,0,0,0,0,0
1998/99,Italy,3,2,1,1,4
1998/99,Scotland,0,0,0,0,0
1998/99,Spain,2,1,0,0,2
1998/99,France,3,1,1,0,3
1998/99,Portugal,0,0,0,0,0
1998/99,Holland,0,0,0,0,0
1998/99,Belgium,0,0,0,0,0
1998/99,Crotia,0,0,0,0,0
1998/99,Czechia,0,0,0,0,0
1998/99,Denmark,0,0,0,0,0
1998/99,Ukraine,0,0,0,0,0
1998/99,Switzerland,0,0,0,0,0
1998/99,Austria,0,0,0,0,0
1998/99,Russia,0,0,0,0,0
1998/99,Turkiye,0,0,0,0,0
1998/99,Romania,0,0,0,0,0
1998/99,Bulgaria,0,0,0,0,0
1998/99,Greece,0,0,0,0,0
1998/99,Israel,0,0,0,0,0
1998/99,Sweden,0,0,0,0,0
1998/99,Bosnia and Herzegovina,0,0,0,0,0
1998/99,Belarus,0,0,0,0,0
1998/99,Hungary,0,0,0,0,0
1998/99,Serbia,0,0,0,0,0
1998/99,Poland,0,0,0,0,0
1997/98,England,1,0,0,0,1
1997/98,Germany,1,0,0,0,1
1997/98,Norway,0,0,0,0,0
1997/98,Italy,2,2,2,1,4
1997/98,Scotland,0,0,0,0,0
1997/98,Spain,1,1,0,0,2
1997/98,France,1,0,0,0,1
1997/98,Portugal,0,0,0,0,0
1997/98,Holland,1,0,0,0,1
1997/98,Belgium,0,0,0,0,0
1997/98,Crotia,0,0,0,0,0
1997/98,Czechia,0,0,0,0,0
1997/98,Denmark,0,0,0,0,0
1997/98,Ukraine,0,0,0,0,0
1997/98,Switzerland,0,0,0,0,0
1997/98,Austria,0,0,0,0,0
1997/98,Russia,1,1,0,0,2
1997/98,Turkiye,0,0,0,0,0
1997/98,Romania,0,0,0,0,0
1997/98,Bulgaria,0,0,0,0,0
1997/98,Greece,0,0,0,0,0
1997/98,Israel,0,0,0,0,0
1997/98,Sweden,0,0,0,0,0
1997/98,Bosnia and Herzegovina,0,0,0,0,0
1997/98,Belarus,0,0,0,0,0
1997/98,Hungary,0,0,0,0,0
1997/98,Serbia,0,0,0,0,0
1997/98,Poland,0,0,0,0,0
1996/97,England,1,0,0,0,1
1996/97,Germany,1,1,1,1,4
1996/97,Norway,0,0,0,0,0
1996/97,Italy,1,1,1,0,3
1996/97,Scotland,0,0,0,0,0
1996/97,Spain,2,1,0,0,2
1996/97,France,1,1,0,0,2
1996/97,Portugal,0,0,0,0,0
1996/97,Holland,0,0,0,0,0
1996/97,Belgium,1,0,0,0,1
1996/97,Crotia,0,0,0,0,0
1996/97,Czechia,0,0,0,0,0
1996/97,Denmark,1,0,0,0,1
1996/97,Ukraine,0,0,0,0,0
1996/97,Switzerland,0,0,0,0,0
1996/97,Austria,0,0,0,0,0
1996/97,Russia,0,0,0,0,0
1996/97,Turkiye,0,0,0,0,0
1996/97,Romania,0,0,0,0,0
1996/97,Bulgaria,0,0,0,0,0
1996/97,Greece,0,0,0,0,0
1996/97,Israel,0,0,0,0,0
1996/97,Sweden,0,0,0,0,0
1996/97,Bosnia and Herzegovina,0,0,0,0,0
1996/97,Belarus,0,0,0,0,0
1996/97,Hungary,0,0,0,0,0
1996/97,Serbia,0,0,0,0,0
1996/97,Poland,0,0,0,0,0
1995/96,England,1,0,0,0,1
1995/96,Germany,1,1,1,1,4
1995/96,Norway,0,0,0,0,0
1995/96,Italy,2,0,0,0,1
1995/96,Scotland,0,0,0,0,0
1995/96,Spain,1,1,0,0,2
1995/96,France,1,1,1,0,3
1995/96,Portugal,0,0,0,0,0
1995/96,Holland,1,0,0,0,1
1995/96,Belgium,0,0,0,0,0
1995/96,Crotia,0,0,0,0,0
1995/96,Czechia,1,1,0,0,2
1995/96,Denmark,0,0,0,0,0
1995/96,Ukraine,0,0,0,0,0
1995/96,Switzerland,0,0,0,0,0
1995/96,Austria,0,0,0,0,0
1995/96,Russia,0,0,0,0,0
1995/96,Turkiye,0,0,0,0,0
1995/96,Romania,0,0,0,0,0
1995/96,Bulgaria,0,0,0,0,0
1995/96,Greece,0,0,0,0,0
1995/96,Israel,0,0,0,0,0
1995/96,Sweden,0,0,0,0,0
1995/96,Bosnia and Herzegovina,0,0,0,0,0
1995/96,Belarus,0,0,0,0,0
1995/96,Hungary,0,0,0,0,0
1995/96,Serbia,0,0,0,0,0
1995/96,Poland,0,0,0,0,0
1994/95,England,0,0,0,0,0
1994/95,Germany,3,2,0,0,2
1994/95,Norway,0,0,0,0,0
1994/95,Italy,3,2,2,1,4
1994/95,Scotland,0,0,0,0,0
1994/95,Spain,0,0,0,0,0
1994/95,France,1,0,0,0,1
1994/95,Portugal,0,0,0,0,0
1994/95,Holland,0,0,0,0,0
1994/95,Belgium,0,0,0,0,0
1994/95,Crotia,0,0,0,0,0
1994/95,Czechia,0,0,0,0,0
1994/95,Denmark,1,0,0,0,1
1994/95,Ukraine,0,0,0,0,0
1994/95,Switzerland,0,0,0,0,0
1994/95,Austria,0,0,0,0,0
1994/95,Russia,0,0,0,0,0
1994/95,Turkiye,0,0,0,0,0
1994/95,Romania,0,0,0,0,0
1994/95,Bulgaria,0,0,0,0,0
1994/95,Greece,0,0,0,0,0
1994/95,Israel,0,0,0,0,0
1994/95,Sweden,0,0,0,0,0
1994/95,Bosnia and Herzegovina,0,0,0,0,0
1994/95,Belarus,0,0,0,0,0
1994/95,Hungary,0,0,0,0,0
1994/95,Serbia,0,0,0,0,0
1994/95,Poland,0,0,0,0,0
1993/94,England,0,0,0,0,0
1993/94,Germany,3,1,0,0,2
1993/94,Norway,0,0,0,0,0
1993/94,Italy,3,2,1,1,4
1993/94,Scotland,0,0,0,0,0
1993/94,Spain,0,0,0,0,0
1993/94,France,0,0,0,0,0
1993/94,Portugal,1,0,0,0,1
1993/94,Holland,0,0,0,0,0
1993/94,Belgium,0,0,0,0,0
1993/94,Crotia,0,0,0,0,0
1993/94,Czechia,0,0,0,0,0
1993/94,Denmark,0,0,0,0,0
1993/94,Ukraine,0,0,0,0,0
1993/94,Switzerland,0,0,0,0,0
1993/94,Austria,1,1,1,0,3
1993/94,Russia,0,0,0,0,0
1993/94,Turkiye,0,0,0,0,0
1993/94,Romania,0,0,0,0,0
1993/94,Bulgaria,0,0,0,0,0
1993/94,Greece,0,0,0,0,0
1993/94,Israel,0,0,0,0,0
1993/94,Sweden,0,0,0,0,0
1993/94,Bosnia and Herzegovina,0,0,0,0,0
1993/94,Belarus,0,0,0,0,0
1993/94,Hungary,0,0,0,0,0
1993/94,Serbia,0,0,0,0,0
1993/94,Poland,0,0,0,0,0
1992/93,England,0,0,0,0,0
1992/93,Germany,1,1,1,0,3
1992/93,Norway,0,0,0,0,0
1992/93,Italy,2,1,1,1,4
1992/93,Scotland,0,0,0,0,0
1992/93,Spain,1,0,0,0,1
1992/93,France,2,2,0,0,2
1992/93,Portugal,1,0,0,0,1
1992/93,Holland,1,0,0,0,1
1992/93,Belgium,0,0,0,0,0
1992/93,Crotia,0,0,0,0,0
1992/93,Czechia,0,0,0,0,0
1992/93,Denmark,0,0,0,0,0
1992/93,Ukraine,0,0,0,0,0
1992/93,Switzerland,0,0,0,0,0
1992/93,Austria,0,0,0,0,0
1992/93,Russia,0,0,0,0,0
1992/93,Turkiye,0,0,0,0,0
1992/93,Romania,0,0,0,0,0
1992/93,Bulgaria,0,0,0,0,0
1992/93,Greece,0,0,0,0,0
1992/93,Israel,0,0,0,0,0
1992/93,Sweden,0,0,0,0,0
1992/93,Bosnia and Herzegovina,0,0,0,0,0
1992/93,Belarus,0,0,0,0,0
1992/93,Hungary,0,0,0,0,0
1992/93,Serbia,0,0,0,0,0
1992/93,Poland,0,0,0,0,0
1991/92,England,1,0,0,0,1
1991/92,Germany,0,0,0,0,0
1991/92,Norway,0,0,0,0,0
1991/92,Italy,2,2,1,0,3
1991/92,Scotland,0,0,0,0,0
1991/92,Spain,1,1,0,0,2
1991/92,France,0,0,0,0,0
1991/92,Portugal,0,0,0,0,0
1991/92,Holland,1,1,1,1,4
1991/92,Belgium,1,0,0,0,1
1991/92,Crotia,0,0,0,0,0
1991/92,Czechia,1,0,0,0,1
1991/92,Denmark,1,0,0,0,1
1991/92,Ukraine,0,0,0,0,0
1991/92,Switzerland,0,0,0,0,0
1991/92,Austria,0,0,0,0,0
1991/92,Russia,0,0,0,0,0
1991/92,Turkiye,0,0,0,0,0
1991/92,Romania,0,0,0,0,0
1991/92,Bulgaria,0,0,0,0,0
1991/92,Greece,0,0,0,0,0
1991/92,Israel,0,0,0,0,0
1991/92,Sweden,0,0,0,0,0
1991/92,Bosnia and Herzegovina,0,0,0,0,0
1991/92,Belarus,0,0,0,0,0
1991/92,Hungary,0,0,0,0,0
1991/92,Serbia,0,0,0,0,0
1991/92,Poland,0,0,0,0,0
1990/91,England,0,0,0,0,0
1990/91,Germany,0,0,0,0,0
1990/91,Norway,0,0,0,0,0
1990/91,Italy,4,2,2,1,4
1990/91,Scotland,0,0,0,0,0
1990/91,Spain,0,0,0,0,0
1990/91,France,0,0,0,0,0
1990/91,Portugal,1,1,0,0,2
1990/91,Holland,0,0,0,0,0
1990/91,Belgium,1,0,0,0,1
1990/91,Crotia,0,0,0,0,0
1990/91,Czechia,0,0,0,0,0
1990/91,Denmark,1,1,0,0,2
1990/91,Ukraine,0,0,0,0,0
1990/91,Switzerland,0,0,0,0,0
1990/91,Austria,0,0,0,0,0
1990/91,Russia,1,0,0,0,1
1990/91,Turkiye,0,0,0,0,0
1990/91,Romania,0,0,0,0,0
1990/91,Bulgaria,0,0,0,0,0
1990/91,Greece,0,0,0,0,0
1990/91,Israel,0,0,0,0,0
1990/91,Sweden,0,0,0,0,0
1990/91,Bosnia and Herzegovina,0,0,0,0,0
1990/91,Belarus,0,0,0,0,0
1990/91,Hungary,0,0,0,0,0
1990/91,Serbia,0,0,0,0,0
1990/91,Poland,0,0,0,0,0
1898/90,England,0,0,0,0,0
1898/90,Germany,3,2,0,0,2
1898/90,Norway,0,0,0,0,0
1898/90,Italy,2,2,2,1,4
1898/90,Scotland,0,0,0,0,0
1898/90,Spain,0,0,0,0,0
1898/90,France,1,0,0,0,1
1898/90,Portugal,0,0,0,0,0
1898/90,Holland,0,0,0,0,0
1898/90,Belgium,2,0,0,0,1
1898/90,Crotia,0,0,0,0,0
1898/90,Czechia,0,0,0,0,0
1898/90,Denmark,0,0,0,0,0
1898/90,Ukraine,0,0,0,0,0
1898/90,Switzerland,0,0,0,0,0
1898/90,Austria,0,0,0,0,0
1898/90,Russia,0,0,0,0,0
1898/90,Turkiye,0,0,0,0,0
1898/90,Romania,0,0,0,0,0
1898/90,Bulgaria,0,0,0,0,0
1898/90,Greece,0,0,0,0,0
1898/90,Israel,0,0,0,0,0
1898/90,Sweden,0,0,0,0,0
1898/90,Bosnia and Herzegovina,0,0,0,0,0
1898/90,Belarus,0,0,0,0,0
1898/90,Hungary,0,0,0,0,0
1898/90,Serbia,0,0,0,0,0
1898/90,Poland,0,0,0,0,0
1988/89,England,0,0,0,0,0
1988/89,Germany,3,3,1,0,3
1988/89,Norway,0,0,0,0,0
1988/89,Italy,2,1,1,1,4
1988/89,Scotland,1,0,0,0,1
1988/89,Spain,1,0,0,0,1
1988/89,France,0,0,0,0,0
1988/89,Portugal,0,0,0,0,0
1988/89,Holland,0,0,0,0,0
1988/89,Belgium,0,0,0,0,0
1988/89,Crotia,0,0,0,0,0
1988/89,Czechia,0,0,0,0,0
1988/89,Denmark,0,0,0,0,0
1988/89,Ukraine,0,0,0,0,0
1988/89,Switzerland,0,0,0,0,0
1988/89,Austria,0,0,0,0,0
1988/89,Russia,0,0,0,0,0
1988/89,Turkiye,0,0,0,0,0
1988/89,Romania,1,0,0,0,1
1988/89,Bulgaria,0,0,0,0,0
1988/89,Greece,0,0,0,0,0
1988/89,Israel,0,0,0,0,0
1988/89,Sweden,0,0,0,0,0
1988/89,Bosnia and Herzegovina,0,0,0,0,0
1988/89,Belarus,0,0,0,0,0
1988/89,Hungary,0,0,0,0,0
1988/89,Serbia,0,0,0,0,0
1988/89,Poland,0,0,0,0,0
1987/88,England,0,0,0,0,0
1987/88,Germany,2,2,1,1,4
1987/88,Norway,0,0,0,0,0
1987/88,Italy,1,0,0,0,1
1987/88,Scotland,0,0,0,0,0
1987/88,Spain,2,1,1,0,3
1987/88,France,0,0,0,0,0
1987/88,Portugal,0,0,0,0,0
1987/88,Holland,0,0,0,0,0
1987/88,Belgium,1,1,0,0,2
1987/88,Crotia,0,0,0,0,0
1987/88,Czechia,1,0,0,0,1
1987/88,Denmark,0,0,0,0,0
1987/88,Ukraine,0,0,0,0,0
1987/88,Switzerland,0,0,0,0,0
1987/88,Austria,0,0,0,0,0
1987/88,Russia,0,0,0,0,0
1987/88,Turkiye,0,0,0,0,0
1987/88,Romania,0,0,0,0,0
1987/88,Bulgaria,0,0,0,0,0
1987/88,Greece,1,0,0,0,1
1987/88,Israel,0,0,0,0,0
1987/88,Sweden,0,0,0,0,0
1987/88,Bosnia and Herzegovina,0,0,0,0,0
1987/88,Belarus,0,0,0,0,0
1987/88,Hungary,0,0,0,0,0
1987/88,Serbia,0,0,0,0,0
1987/88,Poland,0,0,0,0,0
1986/87,England,0,0,0,0,0
1986/87,Germany,1,1,0,0,2
1986/87,Norway,0,0,0,0,0
1986/87,Italy,2,0,0,0,1
1986/87,Scotland,1,1,1,0,3
1986/87,Spain,1,0,0,0,1
1986/87,France,0,0,0,0,0
1986/87,Portugal,1,0,0,0,1
1986/87,Holland,0,0,0,0,0
1986/87,Belgium,0,0,0,0,0
1986/87,Crotia,0,0,0,0,0
1986/87,Czechia,0,0,0,0,0
1986/87,Denmark,0,0,0,0,0
1986/87,Ukraine,0,0,0,0,0
1986/87,Switzerland,0,0,0,0,0
1986/87,Austria,1,1,0,0,2
1986/87,Russia,0,0,0,0,0
1986/87,Turkiye,0,0,0,0,0
1986/87,Romania,0,0,0,0,0
1986/87,Bulgaria,0,0,0,0,0
1986/87,Greece,0,0,0,0,0
1986/87,Israel,0,0,0,0,0
1986/87,Sweden,1,1,1,1,4
1986/87,Bosnia and Herzegovina,0,0,0,0,0
1986/87,Belarus,0,0,0,0,0
1986/87,Hungary,0,0,0,0,0
1986/87,Serbia,0,0,0,0,0
1986/87,Poland,0,0,0,0,0
1985/86,England,0,0,0,0,0
1985/86,Germany,1,1,1,0,3
1985/86,Norway,0,0,0,0,0
1985/86,Italy,1,1,0,0,2
1985/86,Scotland,0,0,0,0,0
1985/86,Spain,1,1,1,1,4
1985/86,France,1,0,0,0,1
1985/86,Portugal,1,0,0,0,1
1985/86,Holland,0,0,0,0,0
1985/86,Belgium,1,1,0,0,2
1985/86,Crotia,1,0,0,0,1
1985/86,Czechia,0,0,0,0,0
1985/86,Denmark,0,0,0,0,0
1985/86,Ukraine,0,0,0,0,0
1985/86,Switzerland,1,0,0,0,1
1985/86,Austria,0,0,0,0,0
1985/86,Russia,0,0,0,0,0
1985/86,Turkiye,0,0,0,0,0
1985/86,Romania,0,0,0,0,0
1985/86,Bulgaria,0,0,0,0,0
1985/86,Greece,0,0,0,0,0
1985/86,Israel,0,0,0,0,0
1985/86,Sweden,0,0,0,0,0
1985/86,Bosnia and Herzegovina,0,0,0,0,0
1985/86,Belarus,0,0,0,0,0
1985/86,Hungary,0,0,0,0,0
1985/86,Serbia,0,0,0,0,0
1985/86,Poland,0,0,0,0,0
1984/85,England,2,0,0,0,2
1984/85,Germany,1,0,0,0,1
1984/85,Norway,0,0,0,0,0
1984/85,Italy,1,1,0,0,2
1984/85,Scotland,0,0,0,0,0
1984/85,Spain,1,1,1,1,4
1984/85,France,0,0,0,0,0
1984/85,Portugal,0,0,0,0,0
1984/85,Holland,0,0,0,0,0
1984/85,Belgium,0,0,0,0,0
1984/85,Crotia,0,0,0,0,0
1984/85,Czechia,0,0,0,0,0
1984/85,Denmark,0,0,0,0,0
1984/85,Ukraine,0,0,0,0,0
1984/85,Switzerland,0,0,0,0,0
1984/85,Austria,0,0,0,0,0
1984/85,Russia,0,0,0,0,0
1984/85,Turkiye,0,0,0,0,0
1984/85,Romania,0,0,0,0,0
1984/85,Bulgaria,0,0,0,0,0
1984/85,Greece,0,0,0,0,0
1984/85,Israel,0,0,0,0,0
1984/85,Sweden,0,0,0,0,0
1984/85,Bosnia and Herzegovina,1,1,0,0,2
1984/85,Belarus,1,0,0,0,1
1984/85,Hungary,1,1,1,0,3
1984/85,Serbia,0,0,0,0,0
1984/85,Poland,0,0,0,0,0
1983/84,England,2,2,1,1,4
1983/84,Germany,0,0,0,0,0
1983/84,Norway,0,0,0,0,0
1983/84,Italy,0,0,0,0,0
1983/84,Scotland,0,0,0,0,0
1983/84,Spain,0,0,0,0,0
1983/84,France,0,0,0,0,0
1983/84,Portugal,0,0,0,0,0
1983/84,Holland,0,0,0,0,0
1983/84,Belgium,1,1,1,0,3
1983/84,Crotia,1,1,0,0,2
1983/84,Czechia,1,0,0,0,1
1983/84,Denmark,0,0,0,0,0
1983/84,Ukraine,0,0,0,0,0
1983/84,Switzerland,0,0,0,0,0
1983/84,Austria,2,0,0,0,1
1983/84,Russia,1,0,0,0,1
1983/84,Turkiye,0,0,0,0,0
1983/84,Romania,0,0,0,0,0
1983/84,Bulgaria,0,0,0,0,0
1983/84,Greece,0,0,0,0,0
1983/84,Israel,0,0,0,0,0
1983/84,Sweden,0,0,0,0,0
1983/84,Bosnia and Herzegovina,0,0,0,0,0
1983/84,Belarus,0,0,0,0,0
1983/84,Hungary,0,0,0,0,0
1983/84,Serbia,0,0,0,0,0
1983/84,Poland,0,0,0,0,0
1982/83,England,0,0,0,0,0
1982/83,Germany,1,0,0,0,1
1982/83,Norway,0,0,0,0,0
1982/83,Italy,1,0,0,0,1
1982/83,Scotland,1,0,0,0,1
1982/83,Spain,1,0,0,0,1
1982/83,France,0,0,0,0,0
1982/83,Portugal,1,1,1,0,3
1982/83,Holland,0,0,0,0,0
1982/83,Belgium,1,1,1,1,4
1982/83,Crotia,0,0,0,0,0
1982/83,Czechia,1,1,0,0,2
1982/83,Denmark,0,0,0,0,0
1982/83,Ukraine,0,0,0,0,0
1982/83,Switzerland,0,0,0,0,0
1982/83,Austria,0,0,0,0,0
1982/83,Russia,0,0,0,0,0
1982/83,Turkiye,0,0,0,0,0
1982/83,Romania,1,1,0,0,2
1982/83,Bulgaria,0,0,0,0,0
1982/83,Greece,0,0,0,0,0
1982/83,Israel,0,0,0,0,0
1982/83,Sweden,0,0,0,0,0
1982/83,Bosnia and Herzegovina,0,0,0,0,0
1982/83,Belarus,0,0,0,0,0
1982/83,Hungary,0,0,0,0,0
1982/83,Serbia,0,0,0,0,0
1982/83,Poland,0,0,0,0,0
1981/82,England,0,0,0,0,0
1981/82,Germany,2,2,1,0,3
1981/82,Norway,0,0,0,0,0
1981/82,Italy,0,0,0,0,0
1981/82,Scotland,1,0,0,0,1
1981/82,Spain,2,0,0,0,1
1981/82,France,0,0,0,0,0
1981/82,Portugal,0,0,0,0,0
1981/82,Holland,0,0,0,0,0
1981/82,Belgium,0,0,0,0,0
1981/82,Crotia,0,0,0,0,0
1981/82,Czechia,0,0,0,0,0
1981/82,Denmark,0,0,0,0,0
1981/82,Ukraine,0,0,0,0,0
1981/82,Switzerland,1,0,0,0,1
1981/82,Austria,0,0,0,0,0
1981/82,Russia,0,0,0,0,0
1981/82,Turkiye,0,0,0,0,0
1981/82,Romania,0,0,0,0,0
1981/82,Bulgaria,0,0,0,0,0
1981/82,Greece,0,0,0,0,0
1981/82,Israel,0,0,0,0,0
1981/82,Sweden,1,1,1,1,4
1981/82,Bosnia and Herzegovina,0,0,0,0,0
1981/82,Belarus,0,0,0,0,0
1981/82,Hungary,0,0,0,0,0
1981/82,Serbia,1,1,0,0,2
1981/82,Poland,0,0,0,0,0
1980/81,England,1,1,1,1,4
1980/81,Germany,1,1,0,0,2
1980/81,Norway,0,0,0,0,0
1980/81,Italy,0,0,0,0,0
1980/81,Scotland,0,0,0,0,0
1980/81,Spain,0,0,0,0,0
1980/81,France,2,1,0,0,2
1980/81,Portugal,0,0,0,0,0
1980/81,Holland,1,1,1,0,3
1980/81,Belgium,2,0,0,0,1
1980/81,Crotia,0,0,0,0,0
1980/81,Czechia,0,0,0,0,0
1980/81,Denmark,0,0,0,0,0
1980/81,Ukraine,0,0,0,0,0
1980/81,Switzerland,1,0,0,0,1
1980/81,Austria,0,0,0,0,0
1980/81,Russia,0,0,0,0,0
1980/81,Turkiye,0,0,0,0,0
1980/81,Romania,0,0,0,0,0
1980/81,Bulgaria,0,0,0,0,0
1980/81,Greece,0,0,0,0,0
1980/81,Israel,0,0,0,0,0
1980/81,Sweden,0,0,0,0,0
1980/81,Bosnia and Herzegovina,0,0,0,0,0
1980/81,Belarus,0,0,0,0,0
1980/81,Hungary,0,0,0,0,0
1980/81,Serbia,0,0,0,0,0
1980/81,Poland,0,0,0,0,0
1979/80,England,0,0,0,0,0
1979/80,Germany,5,4,2,1,4
1979/80,Norway,0,0,0,0,0
1979/80,Italy,0,0,0,0,0
1979/80,Scotland,0,0,0,0,0
1979/80,Spain,0,0,0,0,0
1979/80,France,1,0,0,0,1
1979/80,Portugal,0,0,0,0,0
1979/80,Holland,0,0,0,0,0
1979/80,Belgium,0,0,0,0,0
1979/80,Crotia,0,0,0,0,0
1979/80,Czechia,1,0,0,0,1
1979/80,Denmark,0,0,0,0,0
1979/80,Ukraine,0,0,0,0,0
1979/80,Switzerland,0,0,0,0,0
1979/80,Austria,0,0,0,0,0
1979/80,Russia,0,0,0,0,0
1979/80,Turkiye,0,0,0,0,0
1979/80,Romania,0,0,0,0,0
1979/80,Bulgaria,1,0,0,0,1
1979/80,Greece,0,0,0,0,0
1979/80,Israel,0,0,0,0,0
1979/80,Sweden,0,0,0,0,0
1979/80,Bosnia and Herzegovina,0,0,0,0,0
1979/80,Belarus,0,0,0,0,0
1979/80,Hungary,0,0,0,0,0
1979/80,Serbia,0,0,0,0,0
1979/80,Poland,0,0,0,0,0
1978/79,England,2,0,0,0,1
1978/79,Germany,3,3,1,1,4
1978/79,Norway,0,0,0,0,0
1978/79,Italy,0,0,0,0,0
1978/79,Scotland,0,0,0,0,0
1978/79,Spain,0,0,0,0,0
1978/79,France,0,0,0,0,0
1978/79,Portugal,0,0,0,0,0
1978/79,Holland,0,0,0,0,0
1978/79,Belgium,0,0,0,0,0
1978/79,Crotia,0,0,0,0,0
1978/79,Czechia,1,0,0,0,1
1978/79,Denmark,0,0,0,0,0
1978/79,Ukraine,0,0,0,0,0
1978/79,Switzerland,0,0,0,0,0
1978/79,Austria,0,0,0,0,0
1978/79,Russia,0,0,0,0,0
1978/79,Turkiye,0,0,0,0,0
1978/79,Romania,0,0,0,0,0
1978/79,Bulgaria,0,0,0,0,0
1978/79,Greece,0,0,0,0,0
1978/79,Israel,0,0,0,0,0
1978/79,Sweden,0,0,0,0,0
1978/79,Bosnia and Herzegovina,0,0,0,0,0
1978/79,Belarus,0,0,0,0,0
1978/79,Hungary,1,0,0,0,1
1978/79,Serbia,1,1,1,0,3
1978/79,Poland,0,0,0,0,0
1977/78,England,1,0,0,0,1
1977/78,Germany,3,0,0,0,1
1977/78,Norway,0,0,0,0,0
1977/78,Italy,0,0,0,0,0
1977/78,Scotland,0,0,0,0,0
1977/78,Spain,1,1,0,0,2
1977/78,France,1,1,1,0,3
1977/78,Portugal,0,0,0,0,0
1977/78,Holland,1,1,1,1,4
1977/78,Belgium,0,0,0,0,0
1977/78,Crotia,0,0,0,0,0
1977/78,Czechia,0,0,0,0,0
1977/78,Denmark,0,0,0,0,0
1977/78,Ukraine,0,0,0,0,0
1977/78,Switzerland,1,1,0,0,2
1977/78,Austria,0,0,0,0,0
1977/78,Russia,0,0,0,0,0
1977/78,Turkiye,0,0,0,0,0
1977/78,Romania,0,0,0,0,0
1977/78,Bulgaria,0,0,0,0,0
1977/78,Greece,0,0,0,0,0
1977/78,Israel,0,0,0,0,0
1977/78,Sweden,0,0,0,0,0
1977/78,Bosnia and Herzegovina,0,0,0,0,0
1977/78,Belarus,0,0,0,0,0
1977/78,Hungary,0,0,0,0,0
1977/78,Serbia,0,0,0,0,0
1977/78,Poland,0,0,0,0,0
1976/77,England,1,0,0,0,1
1976/77,Germany,1,0,0,0,1
1976/77,Norway,0,0,0,0,0
1976/77,Italy,1,1,1,1,4
1976/77,Scotland,0,0,0,0,0
1976/77,Spain,2,1,1,0,3
1976/77,France,0,0,0,0,0
1976/77,Portugal,0,0,0,0,0
1976/77,Holland,1,0,0,0,1
1976/77,Belgium,1,1,0,0,2
1976/77,Crotia,0,0,0,0,0
1976/77,Czechia,0,0,0,0,0
1976/77,Denmark,0,0,0,0,0
1976/77,Ukraine,0,0,0,0,0
1976/77,Switzerland,0,0,0,0,0
1976/77,Austria,0,0,0,0,0
1976/77,Russia,0,0,0,0,0
1976/77,Turkiye,0,0,0,0,0
1976/77,Romania,0,0,0,0,0
1976/77,Bulgaria,0,0,0,0,0
1976/77,Greece,1,1,0,0,2
1976/77,Israel,0,0,0,0,0
1976/77,Sweden,0,0,0,0,0
1976/77,Bosnia and Herzegovina,0,0,0,0,0
1976/77,Belarus,0,0,0,0,0
1976/77,Hungary,0,0,0,0,0
1976/77,Serbia,0,0,0,0,0
1976/77,Poland,0,0,0,0,0
1975/76,England,1,1,1,1,4
1975/76,Germany,2,1,0,0,2
1975/76,Norway,0,0,0,0,0
1975/76,Italy,1,0,0,0,1
1975/76,Scotland,0,0,0,0,0
1975/76,Spain,1,1,0,0,2
1975/76,France,0,0,0,0,0
1975/76,Portugal,0,0,0,0,0
1975/76,Holland,0,0,0,0,0
1975/76,Belgium,1,1,1,0,3
1975/76,Crotia,0,0,0,0,0
1975/76,Czechia,0,0,0,0,0
1975/76,Denmark,0,0,0,0,0
1975/76,Ukraine,0,0,0,0,0
1975/76,Switzerland,0,0,0,0,0
1975/76,Austria,0,0,0,0,0
1975/76,Russia,0,0,0,0,0
1975/76,Turkiye,0,0,0,0,0
1975/76,Romania,0,0,0,0,0
1975/76,Bulgaria,1,0,0,0,1
1975/76,Greece,0,0,0,0,0
1975/76,Israel,0,0,0,0,0
1975/76,Sweden,0,0,0,0,0
1975/76,Bosnia and Herzegovina,0,0,0,0,0
1975/76,Belarus,0,0,0,0,0
1975/76,Hungary,0,0,0,0,0
1975/76,Serbia,0,0,0,0,0
1975/76,Poland,1,0,0,0,1
1974/75,England,0,0,0,0,0
1974/75,Germany,3,2,1,1,4
1974/75,Norway,0,0,0,0,0
1974/75,Italy,1,1,0,0,2
1974/75,Scotland,0,0,0,0,0
1974/75,Spain,0,0,0,0,0
1974/75,France,0,0,0,0,0
1974/75,Portugal,0,0,0,0,0
1974/75,Holland,2,1,1,0,3
1974/75,Belgium,0,0,0,0,0
1974/75,Crotia,0,0,0,0,0
1974/75,Czechia,1,0,0,0,1
1974/75,Denmark,0,0,0,0,0
1974/75,Ukraine,0,0,0,0,0
1974/75,Switzerland,0,0,0,0,0
1974/75,Austria,0,0,0,0,0
1974/75,Russia,0,0,0,0,0
1974/75,Turkiye,0,0,0,0,0
1974/75,Romania,0,0,0,0,0
1974/75,Bulgaria,0,0,0,0,0
1974/75,Greece,0,0,0,0,0
1974/75,Israel,0,0,0,0,0
1974/75,Sweden,0,0,0,0,0
1974/75,Bosnia and Herzegovina,1,0,0,0,1
1974/75,Belarus,0,0,0,0,0
1974/75,Hungary,0,0,0,0,0
1974/75,Serbia,0,0,0,0,0
1974/75,Poland,0,0,0,0,0
1973/74,England,2,1,1,0,3
1973/74,Germany,3,2,0,0,2
1973/74,Norway,0,0,0,0,0
1973/74,Italy,0,0,0,0,0
1973/74,Scotland,0,0,0,0,0
1973/74,Spain,0,0,0,0,0
1973/74,France,0,0,0,0,0
1973/74,Portugal,1,0,0,0,1
1973/74,Holland,1,1,1,1,4
1973/74,Belgium,0,0,0,0,0
1973/74,Crotia,0,0,0,0,0
1973/74,Czechia,0,0,0,0,0
1973/74,Denmark,0,0,0,0,0
1973/74,Ukraine,0,0,0,0,0
1973/74,Switzerland,0,0,0,0,0
1973/74,Austria,0,0,0,0,0
1973/74,Russia,0,0,0,0,0
1973/74,Turkiye,0,0,0,0,0
1973/74,Romania,0,0,0,0,0
1973/74,Bulgaria,0,0,0,0,0
1973/74,Greece,0,0,0,0,0
1973/74,Israel,0,0,0,0,0
1973/74,Sweden,0,0,0,0,0
1973/74,Bosnia and Herzegovina,0,0,0,0,0
1973/74,Belarus,0,0,0,0,0
1973/74,Hungary,0,0,0,0,0
1973/74,Serbia,0,0,0,0,0
1973/74,Poland,1,0,0,0,1
1972/73,England,2,2,0,0,2
1972/73,Germany,3,1,1,1,4
1972/73,Norway,0,0,0,0,0
1972/73,Italy,0,0,0,0,0
1972/73,Scotland,0,0,0,0,0
1972/73,Spain,0,0,0,0,0
1972/73,France,0,0,0,0,0
1972/73,Portugal,1,0,0,0,1
1972/73,Holland,1,1,1,0,3
1972/73,Belgium,0,0,0,0,0
1972/73,Crotia,0,0,0,0,0
1972/73,Czechia,0,0,0,0,0
1972/73,Denmark,0,0,0,0,0
1972/73,Ukraine,0,0,0,0,0
1972/73,Switzerland,0,0,0,0,0
1972/73,Austria,0,0,0,0,0
1972/73,Russia,0,0,0,0,0
1972/73,Turkiye,0,0,0,0,0
1972/73,Romania,0,0,0,0,0
1972/73,Bulgaria,0,0,0,0,0
1972/73,Greece,0,0,0,0,0
1972/73,Israel,0,0,0,0,0
1972/73,Sweden,0,0,0,0,0
1972/73,Bosnia and Herzegovina,0,0,0,0,0
1972/73,Belarus,0,0,0,0,0
1972/73,Hungary,0,0,0,0,0
1972/73,Serbia,1,0,0,0,1
1972/73,Poland,0,0,0,0,0
1971/72,England,2,2,2,1,4
1971/72,Germany,0,0,0,0,0
1971/72,Norway,0,0,0,0,0
1971/72,Italy,2,1,0,0,2
1971/72,Scotland,0,0,0,0,0
1971/72,Spain,0,0,0,0,0
1971/72,France,0,0,0,0,0
1971/72,Portugal,0,0,0,0,0
1971/72,Holland,0,0,0,0,0
1971/72,Belgium,1,0,0,0,1
1971/72,Crotia,0,0,0,0,0
1971/72,Czechia,0,0,0,0,0
1971/72,Denmark,0,0,0,0,0
1971/72,Ukraine,0,0,0,0,0
1971/72,Switzerland,0,0,0,0,0
1971/72,Austria,0,0,0,0,0
1971/72,Russia,0,0,0,0,0
1971/72,Turkiye,0,0,0,0,0
1971/72,Romania,1,0,0,0,1
1971/72,Bulgaria,0,0,0,0,0
1971/72,Greece,0,0,0,0,0
1971/72,Israel,0,0,0,0,0
1971/72,Sweden,0,0,0,0,0
1971/72,Bosnia and Herzegovina,1,0,0,0,1
1971/72,Belarus,0,0,0,0,0
1971/72,Hungary,1,1,0,0,2
1971/72,Serbia,0,0,0,0,0
1971/72,Poland,0,0,0,0,0
1970/71,England,3,2,1,1,4
1970/71,Germany,2,1,0,0,3
1970/71,Norway,0,0,0,0,0
1970/71,Italy,1,1,1,0,3
1970/71,Scotland,0,0,0,0,0
1970/71,Spain,0,0,0,0,0
1970/71,France,0,0,0,0,0
1970/71,Portugal,1,0,0,0,1
1970/71,Holland,1,0,0,0,1
1970/71,Belgium,0,0,0,0,0
1970/71,Crotia,0,0,0,0,0
1970/71,Czechia,0,0,0,0,0
1970/71,Denmark,0,0,0,0,0
1970/71,Ukraine,0,0,0,0,0
1970/71,Switzerland,0,0,0,0,0
1970/71,Austria,0,0,0,0,0
1970/71,Russia,0,0,0,0,0
1970/71,Turkiye,0,0,0,0,0
1970/71,Romania,0,0,0,0,0
1970/71,Bulgaria,0,0,0,0,0
1970/71,Greece,0,0,0,0,0
1970/71,Israel,0,0,0,0,0
1970/71,Sweden,0,0,0,0,0
1970/71,Bosnia and Herzegovina,0,0,0,0,0
1970/71,Belarus,0,0,0,0,0
1970/71,Hungary,0,0,0,0,0
1970/71,Serbia,0,0,0,0,0
1970/71,Poland,0,0,0,0,0
1969/70,England,2,1,1,1,4
1969/70,Germany,2,0,0,0,1
1969/70,Norway,0,0,0,0,0
1969/70,Italy,1,1,0,0,2
1969/70,Scotland,0,0,0,0,0
1969/70,Spain,0,0,0,0,0
1969/70,France,0,0,0,0,0
1969/70,Portugal,0,0,0,0,0
1969/70,Holland,1,1,0,0,2
1969/70,Belgium,1,1,1,0,3
1969/70,Crotia,0,0,0,0,0
1969/70,Czechia,0,0,0,0,0
1969/70,Denmark,0,0,0,0,0
1969/70,Ukraine,0,0,0,0,0
1969/70,Switzerland,0,0,0,0,0
1969/70,Austria,0,0,0,0,0
1969/70,Russia,0,0,0,0,0
1969/70,Turkiye,0,0,0,0,0
1969/70,Romania,1,0,0,0,1
1969/70,Bulgaria,0,0,0,0,0
1969/70,Greece,0,0,0,0,0
1969/70,Israel,0,0,0,0,0
1969/70,Sweden,0,0,0,0,0
1969/70,Bosnia and Herzegovina,0,0,0,0,0
1969/70,Belarus,0,0,0,0,0
1969/70,Hungary,0,0,0,0,0
1969/70,Serbia,0,0,0,0,0
1969/70,Poland,0,0,0,0,0
1968/69,England,2,1,1,1,4
1968/69,Germany,1,0,0,0,1
1968/69,Norway,0,0,0,0,0
1968/69,Italy,0,0,0,0,0
1968/69,Scotland,1,1,0,0,2
1968/69,Spain,1,0,0,0,1
1968/69,France,0,0,0,0,0
1968/69,Portugal,1,0,0,0,1
1968/69,Holland,0,0,0,0,0
1968/69,Belgium,0,0,0,0,0
1968/69,Crotia,0,0,0,0,0
1968/69,Czechia,0,0,0,0,0
1968/69,Denmark,0,0,0,0,0
1968/69,Ukraine,0,0,0,0,0
1968/69,Switzerland,0,0,0,0,0
1968/69,Austria,0,0,0,0,0
1968/69,Russia,0,0,0,0,0
1968/69,Turkiye,1,1,0,0,2
1968/69,Romania,0,0,0,0,0
1968/69,Bulgaria,0,0,0,0,0
1968/69,Greece,0,0,0,0,0
1968/69,Israel,0,0,0,0,0
1968/69,Sweden,0,0,0,0,0
1968/69,Bosnia and Herzegovina,0,0,0,0,0
1968/69,Belarus,0,0,0,0,0
1968/69,Hungary,1,1,1,0,3
1968/69,Serbia,0,0,0,0,0
1968/69,Poland,0,0,0,0,0
1967/68,England,1,1,1,1,4
1967/68,Germany,0,0,0,0,0
1967/68,Norway,0,0,0,0,0
1967/68,Italy,1,1,0,0,2
1967/68,Scotland,2,1,0,0,2
1967/68,Spain,1,0,0,0,1
1967/68,France,0,0,0,0,0
1967/68,Portugal,0,0,0,0,0
1967/68,Holland,0,0,0,0,0
1967/68,Belgium,0,0,0,0,0
1967/68,Crotia,0,0,0,0,0
1967/68,Czechia,0,0,0,0,0
1967/68,Denmark,0,0,0,0,0
1967/68,Ukraine,0,0,0,0,0
1967/68,Switzerland,1,0,0,0,1
1967/68,Austria,0,0,0,0,0
1967/68,Russia,0,0,0,0,0
1967/68,Turkiye,0,0,0,0,0
1967/68,Romania,0,0,0,0,0
1967/68,Bulgaria,0,0,0,0,0
1967/68,Greece,0,0,0,0,0
1967/68,Israel,0,0,0,0,0
1967/68,Sweden,0,0,0,0,0
1967/68,Bosnia and Herzegovina,0,0,0,0,0
1967/68,Belarus,0,0,0,0,0
1967/68,Hungary,1,1,1,0,3
1967/68,Serbia,1,0,0,0,1
1967/68,Poland,0,0,0,0,0
1966/67,England,2,1,1,0,3
1966/67,Germany,2,1,0,0,2
1966/67,Norway,0,0,0,0,0
1966/67,Italy,2,0,0,0,1
1966/67,Scotland,1,1,0,0,2
1966/67,Spain,0,0,0,0,0
1966/67,France,0,0,0,0,0
1966/67,Portugal,0,0,0,0,0
1966/67,Holland,0,0,0,0,0
1966/67,Belgium,0,0,0,0,0
1966/67,Crotia,1,1,1,1,4
1966/67,Czechia,0,0,0,0,0
1966/67,Denmark,0,0,0,0,0
1966/67,Ukraine,0,0,0,0,0
1966/67,Switzerland,0,0,0,0,0
1966/67,Austria,0,0,0,0,0
1966/67,Russia,0,0,0,0,0
1966/67,Turkiye,0,0,0,0,0
1966/67,Romania,0,0,0,0,0
1966/67,Bulgaria,0,0,0,0,0
1966/67,Greece,0,0,0,0,0
1966/67,Israel,0,0,0,0,0
1966/67,Sweden,0,0,0,0,0
1966/67,Bosnia and Herzegovina,0,0,0,0,0
1966/67,Belarus,0,0,0,0,0
1966/67,Hungary,0,0,0,0,0
1966/67,Serbia,0,0,0,0,0
1966/67,Poland,0,0,0,0,0
1965/66,England,2,2,0,0,2
1965/66,Germany,1,0,0,0,1
1965/66,Norway,0,0,0,0,0
1965/66,Italy,0,0,0,0,0
1965/66,Scotland,1,0,0,0,1
1965/66,Spain,3,2,2,1,4
1965/66,France,0,0,0,0,0
1965/66,Portugal,0,0,0,0,0
1965/66,Holland,0,0,0,0,0
1965/66,Belgium,0,0,0,0,0
1965/66,Crotia,0,0,0,0,0
1965/66,Czechia,0,0,0,0,0
1965/66,Denmark,0,0,0,0,0
1965/66,Ukraine,0,0,0,0,0
1965/66,Switzerland,0,0,0,0,0
1965/66,Austria,0,0,0,0,0
1965/66,Russia,0,0,0,0,0
1965/66,Turkiye,0,0,0,0,0
1965/66,Romania,0,0,0,0,0
1965/66,Bulgaria,0,0,0,0,0
1965/66,Greece,0,0,0,0,0
1965/66,Israel,0,0,0,0,0
1965/66,Sweden,0,0,0,0,0
1965/66,Bosnia and Herzegovina,0,0,0,0,0
1965/66,Belarus,0,0,0,0,0
1965/66,Hungary,1,0,0,0,1
1965/66,Serbia,0,0,0,0,0
1965/66,Poland,0,0,0,0,0
1964/65,England,1,1,0,0,2
1964/65,Germany,0,0,0,0,0
1964/65,Norway,0,0,0,0,0
1964/65,Italy,1,1,1,0,3
1964/65,Scotland,0,0,0,0,0
1964/65,Spain,2,1,0,0,2
1964/65,France,1,0,0,0,1
1964/65,Portugal,0,0,0,0,0
1964/65,Holland,0,0,0,0,0
1964/65,Belgium,0,0,0,0,0
1964/65,Crotia,0,0,0,0,0
1964/65,Czechia,0,0,0,0,0
1964/65,Denmark,0,0,0,0,0
1964/65,Ukraine,0,0,0,0,0
1964/65,Switzerland,0,0,0,0,0
1964/65,Austria,0,0,0,0,0
1964/65,Russia,0,0,0,0,0
1964/65,Turkiye,0,0,0,0,0
1964/65,Romania,0,0,0,0,0
1964/65,Bulgaria,0,0,0,0,0
1964/65,Greece,0,0,0,0,0
1964/65,Israel,0,0,0,0,0
1964/65,Sweden,0,0,0,0,0
1964/65,Bosnia and Herzegovina,0,0,0,0,0
1964/65,Belarus,0,0,0,0,0
1964/65,Hungary,1,1,1,1,4
1964/65,Serbia,0,0,0,0,0
1964/65,Poland,0,0,0,0,0
1963/64,England,0,0,0,0,0
1963/64,Germany,1,1,0,0,2
1963/64,Norway,0,0,0,0,0
1963/64,Italy,2,0,0,0,1
1963/64,Scotland,0,0,0,0,0
1963/64,Spain,2,2,2,1,4
1963/64,France,0,0,0,0,0
1963/64,Portugal,0,0,0,0,0
1963/64,Holland,0,0,0,0,0
1963/64,Belgium,1,1,0,0,2
1963/64,Crotia,0,0,0,0,0
1963/64,Czechia,1,0,0,0,1
1963/64,Denmark,0,0,0,0,0
1963/64,Ukraine,0,0,0,0,0
1963/64,Switzerland,0,0,0,0,0
1963/64,Austria,0,0,0,0,0
1963/64,Russia,0,0,0,0,0
1963/64,Turkiye,0,0,0,0,0
1963/64,Romania,0,0,0,0,0
1963/64,Bulgaria,0,0,0,0,0
1963/64,Greece,0,0,0,0,0
1963/64,Israel,0,0,0,0,0
1963/64,Sweden,0,0,0,0,0
1963/64,Bosnia and Herzegovina,0,0,0,0,0
1963/64,Belarus,0,0,0,0,0
1963/64,Hungary,1,0,0,0,1
1963/64,Serbia,0,0,0,0,0
1963/64,Poland,0,0,0,0,0
1962/63,England,0,0,0,0,0
1962/63,Germany,1,0,0,0,1
1962/63,Norway,0,0,0,0,0
1962/63,Italy,1,1,0,0,2
1962/63,Scotland,1,0,0,0,1
1962/63,Spain,1,1,1,1,4
1962/63,France,0,0,0,0,0
1962/63,Portugal,0,0,0,0,0
1962/63,Holland,0,0,0,0,0
1962/63,Belgium,0,0,0,0,0
1962/63,Crotia,1,1,1,0,3
1962/63,Czechia,0,0,0,0,0
1962/63,Denmark,0,0,0,0,0
1962/63,Ukraine,0,0,0,0,0
1962/63,Switzerland,0,0,0,0,0
1962/63,Austria,0,0,0,0,0
1962/63,Russia,0,0,0,0,0
1962/63,Turkiye,0,0,0,0,0
1962/63,Romania,1,0,0,0,1
1962/63,Bulgaria,0,0,0,0,0
1962/63,Greece,0,0,0,0,0
1962/63,Israel,0,0,0,0,0
1962/63,Sweden,0,0,0,0,0
1962/63,Bosnia and Herzegovina,0,0,0,0,0
1962/63,Belarus,0,0,0,0,0
1962/63,Hungary,1,1,0,0,2
1962/63,Serbia,1,0,0,0,1
1962/63,Poland,0,0,0,0,0
1961/62,England,1,0,0,0,1
1961/62,Germany,0,0,0,0,0
1961/62,Norway,0,0,0,0,0
1961/62,Italy,1,0,0,0,1
1961/62,Scotland,0,0,0,0,0
1961/62,Spain,3,2,2,1,4
1961/62,France,0,0,0,0,0
1961/62,Portugal,0,0,0,0,0
1961/62,Holland,0,0,0,0,0
1961/62,Belgium,0,0,0,0,0
1961/62,Crotia,0,0,0,0,0
1961/62,Czechia,0,0,0,0,0
1961/62,Denmark,0,0,0,0,0
1961/62,Ukraine,0,0,0,0,0
1961/62,Switzerland,0,0,0,0,0
1961/62,Austria,0,0,0,0,0
1961/62,Russia,0,0,0,0,0
1961/62,Turkiye,0,0,0,0,0
1961/62,Romania,0,0,0,0,0
1961/62,Bulgaria,0,0,0,0,0
1961/62,Greece,0,0,0,0,0
1961/62,Israel,0,0,0,0,0
1961/62,Sweden,0,0,0,0,0
1961/62,Bosnia and Herzegovina,0,0,0,0,0
1961/62,Belarus,0,0,0,0,0
1961/62,Hungary,1,1,0,0,2
1961/62,Serbia,2,1,0,0,2
1961/62,Poland,0,0,0,0,0
1960/61,England,1,1,1,0,3
1960/61,Germany,1,0,0,0,1
1960/61,Norway,0,0,0,0,0
1960/61,Italy,2,2,1,1,4
1960/61,Scotland,1,1,0,0,2
1960/61,Spain,1,0,0,0,1
1960/61,France,0,0,0,0,0
1960/61,Portugal,0,0,0,0,0
1960/61,Holland,0,0,0,0,0
1960/61,Belgium,0,0,0,0,0
1960/61,Crotia,0,0,0,0,0
1960/61,Czechia,0,0,0,0,0
1960/61,Denmark,1,0,0,0,1
1960/61,Ukraine,0,0,0,0,0
1960/61,Switzerland,0,0,0,0,0
1960/61,Austria,0,0,0,0,0
1960/61,Russia,0,0,0,0,0
1960/61,Turkiye,0,0,0,0,0
1960/61,Romania,0,0,0,0,0
1960/61,Bulgaria,0,0,0,0,0
1960/61,Greece,0,0,0,0,0
1960/61,Israel,0,0,0,0,0
1960/61,Sweden,0,0,0,0,0
1960/61,Bosnia and Herzegovina,0,0,0,0,0
1960/61,Belarus,0,0,0,0,0
1960/61,Hungary,0,0,0,0,0
1960/61,Serbia,1,0,0,0,1
1960/61,Poland,0,0,0,0,0
1958/60,England,2,1,1,0,3
1958/60,Germany,0,0,0,0,0
1958/60,Norway,0,0,0,0,0
1958/60,Italy,2,0,0,0,1
1958/60,Scotland,0,0,0,0,0
1958/60,Spain,1,1,1,1,4
1958/60,France,0,0,0,0,0
1958/60,Portugal,0,0,0,0,0
1958/60,Holland,0,0,0,0,0
1958/60,Belgium,1,1,0,0,2
1958/60,Crotia,1,0,0,0,1
1958/60,Czechia,0,0,0,0,0
1958/60,Denmark,0,0,0,0,0
1958/60,Ukraine,0,0,0,0,0
1958/60,Switzerland,0,0,0,0,0
1958/60,Austria,0,0,0,0,0
1958/60,Russia,0,0,0,0,0
1958/60,Turkiye,0,0,0,0,0
1958/60,Romania,0,0,0,0,0
1958/60,Bulgaria,0,0,0,0,0
1958/60,Greece,0,0,0,0,0
1958/60,Israel,0,0,0,0,0
1958/60,Sweden,0,0,0,0,0
1958/60,Bosnia and Herzegovina,0,0,0,0,0
1958/60,Belarus,0,0,0,0,0
1958/60,Hungary,0,0,0,0,0
1958/60,Serbia,1,1,0,0,2
1958/60,Poland,0,0,0,0,0
1955/58,England,2,2,1,0,3
1955/58,Germany,2,0,0,0,1
1955/58,Norway,0,0,0,0,0
1955/58,Italy,1,0,0,0,1
1955/58,Scotland,0,0,0,0,0
1955/58,Spain,1,1,1,1,4
1955/58,France,0,0,0,0,0
1955/58,Portugal,0,0,0,0,0
1955/58,Holland,0,0,0,0,0
1955/58,Belgium,0,0,0,0,0
1955/58,Crotia,0,0,0,0,0
1955/58,Czechia,0,0,0,0,0
1955/58,Denmark,1,0,0,0,1
1955/58,Ukraine,0,0,0,0,0
1955/58,Switzerland,1,1,0,0,2
1955/58,Austria,0,0,0,0,0
1955/58,Russia,0,0,0,0,0
1955/58,Turkiye,0,0,0,0,0
1955/58,Romania,0,0,0,0,0
1955/58,Bulgaria,0,0,0,0,0
1955/58,Greece,0,0,0,0,0
1955/58,Israel,0,0,0,0,0
1955/58,Sweden,0,0,0,0,0
1955/58,Bosnia and Herzegovina,0,0,0,0,0
1955/58,Belarus,0,0,0,0,0
1955/58,Hungary,0,0,0,0,0
1955/58,Serbia,0,0,0,0,0
1955/58,Poland,0,0,0,0,0
